variant,seed,gpu_id,epoch,lr,train_loss,train_nz_smooth_l1,train_nzcosloss,train_z_mse,train_z_l1,val_loss,val_nz_smooth_l1,val_nzcosloss,val_z_mse,val_z_l1
full_model,42,0,0,3.6e-05,1.3503864863168022,1.0410053178339895,0.07545348025834965,0.06890974897446618,0.20274468665510906,1.2688121553379093,1.1672074710714624,0.06851752394712203,0.004058799719919262,0.06328712862984663
full_model,42,0,1,5.2000000000000004e-05,1.262144733916959,1.1775171501742339,0.0641529920508669,0.0025893015924864605,0.04996178683176069,1.2503604620435533,1.1745470679681462,0.06029173381988165,0.0019726152960574143,0.04369491577142257
full_model,42,0,2,6.8e-05,1.2366890396450168,1.048419527222501,0.09895846640384517,0.028213928907078408,0.11057635105831229,1.1677387629935772,0.7621157503830155,0.20483042547585112,0.11691370510315806,0.18629410987768566
full_model,42,0,3,8.400000000000001e-05,1.114231602998098,0.7384779444944187,0.21660919226536757,0.10878309159845957,0.1586659732907854,1.070221281407632,0.702642696668181,0.22430741297461987,0.11111716287962285,0.14430771082676777
full_model,42,0,4,0.0001,1.0682292246226872,0.6958440667222072,0.21832427318927,0.11668716666634706,0.14653585920984702,1.049647527975148,0.6989948069935565,0.22421930203147075,0.10710668418755773,0.13143636807273998
full_model,42,0,5,9.997293623837585e-05,1.0477862076841005,0.6805644975138561,0.21580719966565093,0.11714617368413284,0.14217194003873004,1.0352298672987386,0.6575490537395817,0.21405668930609856,0.12500651643044816,0.1456459651333027
full_model,42,0,6,9.989177454732935e-05,1.0396740579055097,0.6727390006387705,0.21256365568977018,0.1191606305693255,0.14149259761553967,1.034477342317234,0.6763570873582081,0.21396899940264466,0.1141794622469769,0.1369562794970853
full_model,42,0,7,9.975660367597807e-05,1.0314351800687245,0.6657873889609093,0.20978866251395825,0.1196168638461122,0.14113660252040103,1.0180967507002414,0.6680179645737292,0.21131420288774197,0.11018495655675391,0.1342367160584807
full_model,42,0,8,9.956757143168527e-05,1.0236803650314348,0.6594100695563045,0.20795279705870282,0.11983998138060398,0.14045391233077378,1.0231358108061668,0.6583324983524416,0.21402936417351417,0.12084844084058693,0.13694018552914936
full_model,42,0,9,9.932488451843476e-05,1.019161818369999,0.6553632799914899,0.20744290309367336,0.12016947653921949,0.13990760808931035,1.0182494579484878,0.6283782017473263,0.19576492353080963,0.13529425419091387,0.15669454768924285
full_model,42,0,10,9.902880831080307e-05,1.0168257691317695,0.653809507194827,0.20542138029503182,0.12046397954475542,0.139841585856599,1.0086552979589152,0.6450742120962328,0.20700651577823342,0.12172422941877653,0.13835361226929613
full_model,42,0,11,9.86796665637763e-05,1.012432944603793,0.6500840515408721,0.20507979088836265,0.12029270747821676,0.13951629080719483,1.0134516145025037,0.6571851724759517,0.20489257517220913,0.1166504740047534,0.137169698890637
full_model,42,0,12,9.827784105872876e-05,1.0117015188201164,0.6504418144106073,0.20500517964404766,0.11967940860040868,0.13907770718239854,1.0059396337048734,0.6496802294021916,0.20656369289685364,0.11677864172902655,0.13619892285578183
full_model,42,0,13,9.782377118595071e-05,1.0086188655722936,0.6483009730923721,0.2044788119843772,0.11930496548750066,0.13877351924761405,1.0041840650490437,0.6439913177529789,0.2017116575061113,0.11954870307991881,0.13978820702672154
full_model,42,0,14,9.731795346418142e-05,1.0063750283862276,0.6452913408261085,0.2030315536671025,0.12073958420338893,0.13882833191645141,0.9997719673139334,0.6362757983419323,0.2015658489701561,0.12164137473199339,0.14107187884643038
full_model,42,0,15,9.676094099767333e-05,1.0091057023315404,0.6466774216318247,0.20274595273036883,0.12104207600998487,0.14001322858756923,1.007425532060162,0.6558004912871238,0.21206653362880945,0.11501591328156038,0.13057585184515288
full_model,42,0,16,9.615334287138057e-05,1.0059111824155647,0.6456583410824399,0.20331220966833782,0.11992206370828452,0.1386746773870622,1.0072653960608091,0.6571387313599905,0.20446733202691,0.11260933920351711,0.1352836459702053
full_model,42,0,17,9.549582348493357e-05,1.0035927856522646,0.6426817265185223,0.20163762471510038,0.12039967554718078,0.13969257017691958,1.0038293045321622,0.6572796882360815,0.214701803009424,0.112542120309501,0.12665659361968937
full_model,42,0,18,9.478910182612781e-05,1.0052765676584414,0.6437599885426214,0.20235642781419297,0.12085082430662038,0.13948754803757699,1.0030061174655347,0.6523018501349773,0.20546837613969263,0.11416991215395463,0.1338001786488213
full_model,42,0,19,9.403395068472123e-05,1.0029804171569194,0.6420267687648878,0.20100779568386512,0.12102005467449023,0.1394296991256349,0.9924344448863298,0.6369700681762743,0.20341322012631935,0.11820011259620984,0.1355576555679963
full_model,42,0,20,9.323119580739992e-05,1.0011729508669631,0.6417910674992494,0.20147033670656084,0.12034297371214814,0.13830373975018945,0.9958107644025342,0.6275874310536584,0.1974754897898433,0.1254996877180645,0.1439859032513491
full_model,42,0,21,9.238171499483631e-05,1.0016468867727277,0.6403338703314185,0.20059155563673162,0.12137095757253268,0.13964628130041273,0.9972421488589837,0.6523873683626056,0.20536534027754644,0.11122290110845182,0.130949193226233
full_model,42,0,22,9.148643714182701e-05,0.9993275072723783,0.6392355960009607,0.19943708208464775,0.12098652824410522,0.13938684101623075,0.9925658705816977,0.6315281999551227,0.19965159317014228,0.12128711262836045,0.13992476272958781
full_model,42,0,23,9.054634122155992e-05,0.996750184557147,0.6369320835237193,0.199134231176213,0.12100065692254022,0.1392503304368589,0.9958131887862317,0.6294458275116217,0.19931905873333058,0.12523422584289934,0.1414735805488928
full_model,42,0,24,8.95624552151215e-05,0.9967613796886136,0.6371672110764225,0.20003124347561432,0.12062295187721715,0.1389555975570832,0.9956539467082188,0.6283557489916083,0.20120347935547228,0.1262412152037933,0.1404552382182551
full_model,42,0,25,8.853585498741454e-05,0.9959620121932872,0.6369773929496613,0.19937519590073804,0.12077875636135187,0.13851826086676816,0.9919233959475675,0.6491067444620564,0.20271474676772996,0.11123351800038773,0.13022575884970922
full_model,42,0,26,8.746766311071564e-05,0.9960844346336116,0.6368157775074567,0.1992840516696398,0.12081474786098917,0.13881187440944026,0.9898509243522527,0.631840129009375,0.2076582641385987,0.12094399467116815,0.13323766214379826
full_model,42,0,27,8.635904763715892e-05,0.9975683700784191,0.6380499801574075,0.19982928141810935,0.12075036149556634,0.13885337878402734,0.9906791427826693,0.6222695619646615,0.19561488237286048,0.12643176401887676,0.14417038293967155
full_model,42,0,28,8.521122082148819e-05,0.9940828864951935,0.633936578329107,0.19743314673958104,0.12159647348042928,0.1398332670659129,0.9867519332580377,0.626468615282724,0.20241960053718816,0.12175809553071504,0.1373154161067634
full_model,42,0,29,8.40254377954742e-05,0.9919554081174803,0.6334401785764857,0.19820037049790523,0.12084566206729566,0.13856937792262844,0.9880380425053679,0.6324826584026458,0.20119978416415973,0.11913814162970678,0.13581735770554526
full_model,42,0,30,8.280299519544635e-05,0.9923292248034885,0.6331870082123885,0.19708331305844848,0.1209820852188829,0.13961846900440436,0.9921154954630228,0.6251511942890362,0.19300193064245433,0.1252287953276201,0.14523454448683337
full_model,42,0,31,8.154522974444009e-05,0.9920637219654684,0.633697838101592,0.1996040949243134,0.12025630745967757,0.13830752839516278,0.9910952272577337,0.6215506319879052,0.19344862218913772,0.1271614800352172,0.14565879325929
full_model,42,0,32,8.025351679050975e-05,0.9900233552240068,0.6323461611551741,0.19778118682299323,0.12035880829489178,0.1384277913806656,0.9890398881288052,0.6466061746070416,0.20784467453780583,0.11105355596589331,0.12745781640252946
full_model,42,0,33,7.892926880280571e-05,0.9875589828731213,0.630463232884912,0.19758639207297962,0.12009202128771676,0.13821053909634592,0.9834648365798406,0.6266475386611657,0.19689583736354016,0.11939227031269592,0.138977108256716
full_model,42,0,34,7.757393382706015e-05,0.9907814604300212,0.633477037017973,0.19710934905895858,0.12006038130215105,0.13868936712989355,0.9840218027020727,0.6311504311800893,0.20248944828095944,0.11804671476474198,0.13357993346657906
full_model,42,0,35,7.618899390217016e-05,0.9858740855871652,0.6288384843522625,0.1981681986981778,0.12012579410028641,0.13782571653559758,0.9893503364118389,0.616401077849595,0.18932552710453637,0.12805201675957636,0.15023446757051273
full_model,42,0,36,7.477596343961014e-05,0.9873904261044046,0.6306599362752355,0.1973019281453663,0.11997777961874208,0.13810174435647957,0.9777496906297922,0.6288761018297574,0.2010225539927362,0.11590840261737027,0.13245391702006734
full_model,42,0,37,7.333638756744505e-05,0.9837355888294032,0.6263384311526691,0.19646731317980812,0.12082652150230448,0.13833697915223045,0.9838312610409063,0.6320515727166168,0.20352920324957652,0.11791645473140445,0.13209861937534853
full_model,42,0,38,7.187184044075539e-05,0.983140741516268,0.6263641689632873,0.1964023839298223,0.12047641173041562,0.13809896775347835,0.9882329130805612,0.6291560163294215,0.19852301939450473,0.12064491224110942,0.1391704726341551
full_model,42,0,39,7.038392352032199e-05,0.9822651181176008,0.6266364650224647,0.19670257979612674,0.11960301255792306,0.13767435423553262,0.9869226875862903,0.6214140106266043,0.1953508971341662,0.12487179284420116,0.14296143264975206
full_model,42,0,40,6.887426382145193e-05,0.983952196066882,0.6275247508352013,0.1965096542069396,0.12027798191738978,0.13789463146338718,0.9830460993643373,0.615141470444148,0.19481145539554706,0.12692963363458287,0.14356926844383067
full_model,42,0,41,6.734451213486133e-05,0.9823403283042201,0.6264752722086502,0.1962522537464114,0.11987102588743481,0.13786790063438695,0.9855676328231071,0.623715678249242,0.19706024408142678,0.12295070122456164,0.1403711210118938
full_model,42,0,42,6.579634122155991e-05,0.9771716850739766,0.6221421740764257,0.1960377950261665,0.11970713100246681,0.13730348814871293,0.9929941898062733,0.6320975715814414,0.1996051393718158,0.12237025132655405,0.1387238036648014
full_model,42,0,43,6.423144398371133e-05,0.9793342225662439,0.6241784893687228,0.19578080496476355,0.11971445777998733,0.1375508728544223,0.9802323276202544,0.637761453828689,0.2018875066594235,0.11202852621717801,0.12949861144806923
full_model,42,0,44,6.265153161346957e-05,0.9781734168383676,0.6241866839552875,0.19577930961943557,0.11887513656313708,0.1372219453279641,0.9887330137511499,0.6227077655107932,0.19950061267661337,0.125910816877178,0.14036411849518426
